<?xml version="1.0" encoding="UTF-8"?>
<project-private xmlns="http://www.netbeans.org/ns/project-private/1">
    <data xmlns="http://www.netbeans.org/ns/make-project-private/1">
        <activeConfTypeElem>1</activeConfTypeElem>
        <activeConfIndexElem>0</activeConfIndexElem>
    </data>
    <editor-bookmarks xmlns="http://www.netbeans.org/ns/editor-bookmarks/2" lastBookmarkId="0"/>
    <open-files xmlns="http://www.netbeans.org/ns/projectui-open-files/2">
        <group>
            <file>file:/D:/Documentos/Ivan/2022-2/TP/Evaluaciones/Lab2/Laboratorio02-2022-2-Archivos/Funciones.hpp</file>
            <file>file:/D:/Documentos/Ivan/2022-2/TP/Evaluaciones/Lab2/Laboratorio02-2022-2-Archivos/main.cpp</file>
            <file>file:/D:/Documentos/Ivan/2022-2/TP/Evaluaciones/Lab2/Laboratorio02-2022-2-Archivos/Funciones.cpp</file>
        </group>
    </open-files>
</project-private>
