<?xml version="1.0" encoding="UTF-8"?>
<project-private xmlns="http://www.netbeans.org/ns/project-private/1">
    <data xmlns="http://www.netbeans.org/ns/make-project-private/1">
        <activeConfTypeElem>1</activeConfTypeElem>
        <activeConfIndexElem>0</activeConfIndexElem>
    </data>
    <editor-bookmarks xmlns="http://www.netbeans.org/ns/editor-bookmarks/2" lastBookmarkId="1">
        <file>
            <url>Funciones.hpp</url>
            <bookmark id="1">
                <name/>
                <line>22</line>
                <key/>
            </bookmark>
        </file>
    </editor-bookmarks>
    <open-files xmlns="http://www.netbeans.org/ns/projectui-open-files/2">
        <group>
            <file>file:/D:/Documentos/Ivan/2022-2/TP/Evaluaciones/Lab3/ManejoDeArchivos_Lab03_2022_1/Funciones.cpp</file>
            <file>file:/D:/Documentos/Ivan/2022-2/TP/Evaluaciones/Lab3/ManejoDeArchivos_Lab03_2022_1/main.cpp</file>
            <file>file:/D:/Documentos/Ivan/2022-2/TP/Evaluaciones/Lab3/ManejoDeArchivos_Lab03_2022_1/Funciones.hpp</file>
        </group>
    </open-files>
</project-private>
